Facebook Captions,Label,Engagement Keywords
"""Hey everyone!
We are excited to announce a special giveaway event for our Facebook group members! We are giving away an iPhone 14 Pro to one lucky winner, and we want YOU to have a chance to win.
Join from Here ğŸ‘‰ https://freegiftcenter.brizy.site
To enter the giveaway, all you have to do is follow these simple steps:
Like this post and our Facebook page
Tag three friends in the comments below who you think would also love to win an iPhone 14 Pro
Share this post on your own Facebook page (make sure it's public so we can see it!)
That's it! We will be choosing the winner at random from all the eligible entries, and announcing the winner in this group on [10 Hours Later].
Don't miss out on your chance to win this amazing prize - enter now and spread the word to your friends! Good luck!""",1,"announce a special giveaway event, giving away an iPhone 14 Pro, chance to win, join, like this post, tag three friends, share this post, choosing the winner at random, don't miss out, enter now, spread the word to your friends, good luck"
"""ğŸ‰Congratulations ğŸ‰ğŸ’Get The 2023 giftğŸ from ""Honda Civic"" ğŸš˜! Somebody reading this is meant to be car Owner âœ¨ğŸ‰ğŸˆğŸ’¥TYPE ( Done /Win) ğŸ’¥ğŸ‡±ğŸ‡·ğŸ‡±ğŸ‡·""",1,"Congratulations, Get The 2023 gift, Honda Civic, car Owner, TYPE (Done/Win)"
"""We are happy to announce that we will be donating, we will send  randomly to someone who wrote 'Done' """,1,"happy to announce, donating, send randomly, wrote 'Done'"
"""When the haters donâ€™t work they start telling lies. ğŸ˜EEveryone We are happy to announce that we will be donating 300 Tesla Cars which cannot be sold due to minor scratches and minor damage. All Cars are in good condition so we will send them randomly to someone who comment ""Done"" and also send me a message saying""Tesla"" Get ready to pay off a shipping fee.... Message me privately to get startedâ—""",1,"happy to announce, donating 300 Tesla Cars, cannot be sold, minor scratches and minor damage, in good condition, send them randomly, comments 'Done', send me a message, Get ready to pay off a shipping fee, Message me privately, get started"
"""2023ğŸ„ğŸ‡ºğŸ‡²ğŸ‡ºğŸ‡²ğŸ„We are happy to announce that we will be donating 300+Honda civic Cars which cannot be sold due to minor scratches and minor damage, all Cars are in good condition so we will send them randomly to someone who wrote ""Done""ğŸ„ğŸ‡ºğŸ‡²ğŸ‡ºğŸ‡²ğŸ„""",1,"happy to announce, donating 300+ Honda Civic Cars"
"""The gift (Honda Civic Cars) is knocking on your door tomorrow Just put 'Done' ,ğŸ‰ğŸ‡ºğŸ‡¸""",1,"The gift (Honda Civic Cars), knocking on your door, put 'Done'"
"""good newsğŸŠâœ¨ We are happy to announce that we will be donating 300+Honda civic Cars which cannot be sold due to minor scratches and minor damage, all Cars are in good condition so we will send them randomly to someone who wrote 'Done'ğŸš—ğŸš™""",1,"good news, happy to announce, donating 300+ Honda civic Cars, cannot be sold, minor scratches and minor damage, send them randomly, wrote 'Done'"
"""The gift (scooter aooter) is knocking on your door tomorrow Just put Done,ğŸ‰ğŸ‡ºğŸ‡¸""",1,"The gift (scooter aooter), knocking on your door, put Done"
"""The gift (scooter) is knocking on your door tomorrow Just put Done,ğŸ‡ºğŸ‡²â¤ï¸ğŸ‡ºğŸ‡²â¤ï¸ğŸ‡ºğŸ‡²""",1,"The gift (scooter), knocking on your door, put Done"
"""So far no one has found a number other than 86, no new winner, Coca CoIa. There are still 6 Toyota Hilux left to win.""",1,"no one has found a number other than 86, no new winner, Coca CoIa, still 6 Toyota Hilux left to win"
"""ğŸŠğŸ‰âœ¨To celebrate 33 yeares@Texas Roadhouse we're sending everyone who types [Done] by 05 July a dinner for two voucher on us""",1,"celebrate 33 years, sending everyone, types [Done], dinner for two voucher"
"""So Far No One Has Found Another Numbers Apart From 98 , No Winners Yet (Aldi Store). We Still Have 75 More Wins.""",1,"No One Has Found Another Numbers, No Winners Yet, still have more wins"
"""So far no one has found a number other than 86, no new winner, Coca CoIa. There are still 6 Toyota Hilux left to win.""",1,"no one has found a number other than 86, no new winner, still left to win"
"""So Far .No One Has Found The Another Numbers Apart From 98, No Winners Yet $750 -$800. We Still Have 14 more win. (Sponsored by ALDI Store)""",1,"No One Has Found Another Numbers, No Winners Yet, still have more win"
"""Love this t shirt â¤ï¸Comment 'YES' if you want this!""",1,"Love this t-shirt, Comment 'YES' if you want this"
"""If you Love your Mom then like this Page (y)""",1,"Love your Mom, like this Page"
"""#DigicelEasterEggHuntChallenge Find the Easter Eggs and perform the task to get a chance to win 3 x 2GB data. All you need to do is simply look for the Easter eggs in the picture and mark out how many you can find and reply in the Comments below ğŸ‘‡Anyone that finds an egg goes into the draw for a chance to win DATA. *T&Cs apply. Competition ends on the 4th April 2022. #EasterHunt #Digicel #DigicelBetterTogether #Nauru #DigicelEaster""",1,"EasterEggHuntChallenge, chance to win, reply in the Comments, find an egg, win DATA"
"""Your chance to Win A FamilyğŸ‘ª Holiday and Domestic Flights!âœˆï¸ Simply Sign Up for our Unwired offer for only ğŸ’²149 (receive 1000GB of FREE Data valid for 60 Days) for your chance to go into the draw to WIN. *T&Cs apply. https://bit.ly/3Ik8sVp âŒ›Offer ends 31st December 2021. #UnwiredFiji #GetUnwired #Fiji #Digicel #Christmas #ReconnectThisChristmas""",1,"chance to win, Sign Up, go into the draw to WIN, Offer ends"
"""TIRED OF LOSING CONNECTION IN YOUR HOMEâ‰ï¸ Eliminate connection drop-offs at home with WiFi Mesh! Experience seamless speed in every room for only ANG 10 a month. Sign up today for the first 2 months free, and say goodbye to frustrating interruptions. No installation cost required! â€¢ â€¢ #Digicel #CuraÃ§ao #wifimesh #connectnow #DigicelPlus""",1,"TIRED OF LOSING CONNECTION, Eliminate connection drop-offs, Sign up today, first 2 months free, say goodbye"
"""ğŸ”ŠHey PNG, It's MAY MAYHEM! Now you have more chances to WIN a share in over K560,000 worth of Cash & Prizes with our MAD MONI & MOA Giveaways! ğŸ‰ğŸ¤¯ğŸ¤‘Loads of Cash & Prizes to be won! ğŸ‘‡ğŸ’°100x Daily winners of K1,000 cash ğŸ’°8x Grand Prizes of K50, 000 cash ğŸ’°8x 5000L Water Tanks ğŸ’°8x Gensets Simply Top Up K5 or more or buy a WoWi 4G LTE Smartphone today for your chance to WIN to win MAD MONI & MOA this May Mayhem!ğŸ‘Œ #DigicelMayMayhem #DigicelMadMoniandMoa #DigicelBetterTogether""",1,"chances to WIN, Cash & Prizes, Top Up, chance to WIN, win MAD MONI & MOA"
"""Your chance to WIN a FREE HAMMITT! Value $435! *details below* Read to the bottom! COMPLETE THESE EASY STEPS FOR YOUR CHANCE TO WIN! WINNER WILL BE PICKED AT RANDOM WHEN THIS POST REACHES 500 LIKES/LOVES! 1. ""LIKE"" or ""LOVE"" this post 2. ""SHARE"" this post 3. ""TAG"" 3 friends 4. ""COMMENT"" ""I want to win a Hammitt!"" *Winner will receive a Hammitt Anderson Tote Navy Tides/Brushed Gold Craft value $435. As you can see... we invested in all new fixtures to display this amazing line called Hammitt. What do you think? We have a huge selection in-stock now at Ivy's. Which ones do you like? What do you think of our new Hammitt display? Ivy's is OPEN Mon-Sat 10-8 and Sun 12-5!""",1,"chance to WIN, LIKE, LOVE, SHARE, TAG, COMMENT"
"""Anyone who share this page and group will get special offer, that are not need to verify, direct to their email. Comment your email and country name and the screenshots of sharing.....""",1,"share, special offer, Comment, email, screenshots"
"""We've made it halfway through 2023! ğŸ‰Have you made progress with your money-saving goals?Vote to let us know ğŸ‘‡""",1,"made progress, money-saving goals, Vote"
"""New year, new you. Vote on your #2018 goals!""",1,"Vote, #2018 goals"
"""VOTE ON YOUR 2019 GOALS!Â ğŸ‘‡Â Tell Me!! Let's make it easy! Cut and paste your VOTE in the comments!ğŸ˜‰Â PROMOTIONğŸ˜¯Â FITNESSğŸ‰Â TRAVELğŸ’—Â RELATIONSHIP""",1,"VOTE, PROMOTION, FITNESS, TRAVEL, RELATIONSHIP"
"""Congratulations! You Can won an Apple iPhone 13!SPIN THE WHEEL FREE NAW ( https://tttssssf.github.io/newspin/ ) #winning #winner #win #winning #iphones #iphone14 #iphone13 #gift #gifting #girls #giftshop #Cash #FreeShipping #FREE #freedelivery""",1,"Congratulations, won, SPIN THE WHEEL, FREE, #winning, #winner"
"""Congratulations to all those who won our last giveaway!!The brand new iphone14 Pro Max is up for Free.Delivery worldwide!!Completely free delivery âœ…No need any feeâŒThis giveaway for worldwide.Just complete a survey to Get it For Free Check the comment section below to access the survey""",1,"Congratulations, won, giveaway, Free, Delivery worldwide"
"""Congratulations! You won an iphone 14, you wanna grab them? leave a comment! ğŸ¤ğŸ–¤""",1,"Congratulations, won, leave a comment"
"""ğŸ”¥ This incredible story will leave you amazed! Read till the end and share with your friends to spread the inspiration. Let's make this go viral! ğŸ’¯""",1,"incredible story, amazed, Read till the end, share with your friends, spread the inspiration, go viral"
"""âœ¨ CONGRATULATIONS TO OUR LUCKY WINNER - USER ID: 14334238XX HAS WON IPHONE 12 64GB!!â¤ Phones and a lot of gifts are waiting for you to claimğŸŒŸ Try your luck and play now!#FreeFire #FreeFirePakistan #PakistanDay #TelenorGaming""",1,"CONGRATULATIONS, lucky winner, Try your luck, play now"
"""ğŸŒŸ Prepare to be awestruck by the remarkable journey of resilience and triumph that will restore your faith in humanity. ğŸŒŸ""",1,"Prepare to be awestruck, remarkable journey, resilience and triumph, restore your faith in humanity"
"""ğŸŒ In a world where challenges abound, this tale of unwavering determination and courage will ignite a fire within you. ğŸš€""",1,"challenges abound, tale of unwavering determination and courage, ignite a fire within you"
"""ğŸ’ª Witness the breathtaking transformation of an ordinary individual who defied all odds and achieved the extraordinary. ğŸ’«""",1,"Witness the breathtaking transformation, ordinary individual, defied all odds, achieved the extraordinary"
"""ğŸ™Œ Share this story of perseverance and triumph to inspire your friends and family. Together, we can create a ripple effect of positivity and motivate others to chase their dreams. ğŸŒˆ""",1,"Share this story,perseverance and triumph,inspire your friends and family,create a ripple effect,positivity, motivate others, chase their dreams"
"""ğŸ¤© Tag someone who needs a dose of inspiration in their life! Let's spread the magic and empower one another to overcome any obstacle that comes our way. ğŸ’ª""",1,"Tag someone, dose of inspiration, spread the magic, empower one another, overcome any obstacle"
"""âœ¨ Hit that ""Share"" button and watch as this captivating tale reaches far and wide, touching the hearts and souls of people across the globe. ğŸŒ""",1,"Hit that ""Share"" button, captivating tale, reaches far and wide, touching the hearts and souls, people across the globe, ğŸ‘ Help us make a difference"
"""ğŸ‘ Help us make a difference by spreading this story like wildfire. Together, we can create a world where dreams know no limits and aspirations soar to new heights. ğŸŒŸ""",1,"Help us make a difference, spreading this story like wildfire, create a world, dreams know no limits, aspirations soar to new heights"
"""ğŸ’¯ Let's turn this amazing story into a global phenomenon! Share it now and be a part of the movement that celebrates the indomitable spirit of humanity. ğŸŒğŸ’«""",1,"turn this amazing story into a global phenomenon, Share it now, be a part of the movement, celebrates the indomitable spirit of humanity"
"""ğŸ‰ Get ready to be blown away by this mind-blowing story that will leave you speechless! Don't miss out on this jaw-dropping tale that will have you on the edge of your seat! ğŸ™Š""",1,"blown away, mind-blowing story, speechless, jaw-dropping tale, on the edge of your seat"
"""ğŸ“£ Calling all adventure seekers and dreamers! This unbelievable story will transport you to a world of endless possibilities and inspire you to chase your wildest dreams! ğŸŒŒ""",1,"adventure seekers, dreamers, unbelievable story, transport you to, endless possibilities, chase your wildest dreams"
"""ğŸ¤¯ Brace yourself for an incredible twist that will leave you gasping in disbelief! Share this unbelievable story and challenge your friends to guess what happens next! ğŸ¤”""",1,"incredible twist, gasping in disbelief, unbelievable story, challenge your friends, guess what happens next"
"""ğŸ’¥ This heartwarming story is guaranteed to tug at your heartstrings and bring tears of joy to your eyes. Grab a tissue and get ready for an emotional rollercoaster ride! ğŸ˜­â¤ï¸""",1,"heartwarming story, tug at your heartstrings, tears of joy, emotional rollercoaster ride"
"""ğŸ—£ï¸ Calling all animal lovers! You won't believe the extraordinary bond between a human and a furry friend in this heart-melting tale. Share the love and tag fellow pet enthusiasts! ğŸ¾ğŸ¶ğŸ±""",1,"animal lovers, extraordinary bond, heart-melting tale, share the love, tag fellow pet enthusiasts"
"""ğŸ˜± Uncover the secrets of success with this incredible story of resilience and determination. Discover the hidden strategies that propelled this individual to unimaginable heights! ğŸ’ªğŸ’¼""",1,"uncover the secrets of success, incredible story, resilience and determination, hidden strategies, propelled to unimaginable heights"
"""ğŸ“š Unlock the wisdom of this life-changing story that holds the keys to unlock your full potential. Share this enlightening journey and empower others to unleash their inner greatness! ğŸ—ï¸âœ¨""",1,"unlock the wisdom, life-changing story, hold the keys to, unlock your full potential, enlightening journey, empower others, unleash their inner greatness"
"""ğŸŒŸ Attention, aspiring entrepreneurs! Learn from the incredible journey of this self-made business mogul. Share their inspiring story and tag your entrepreneurial friends to fuel their ambitions! ğŸ’¼ğŸ’¡""",1,"aspiring entrepreneurs, incredible journey, self-made business mogul, inspiring story, tag your entrepreneurial friends, fuel their ambitions"
"""ğŸ† Join the movement of inspiration and share this extraordinary story to uplift the spirits of your social media community. Let's create a wave of positivity that cannot be ignored! ğŸŒŠğŸŒŸ""",1,"join the movement of inspiration, extraordinary story, uplift the spirits, social media community, create a wave of positivity"
"""ğŸ’Œ Spread the love and positivity by sharing this heart-touching story with your loved ones. Let's remind each other of the beauty and kindness that exist in the world. Tag your nearest and dearest! â¤ï¸âœ‰ï¸""",1,"spread the love, remind each other, tag your nearest and dearest"
"""ğŸŒ Ignite your spirit with this incredible story of resilience and triumph! Join the journey of a true warrior who conquered the impossible. Share their inspiring tale and tag your friends to spread the fire of determination! ğŸ”¥ğŸ’ª""",1,spread the fire of determination
"""ğŸŒˆ Brace yourself for a breathtaking story that will restore your faith in humanity! Witness the power of kindness and compassion as ordinary individuals come together to create extraordinary change. Share their remarkable journey and be a catalyst for positivity! ğŸ¤—âœ¨""",1,"Share their remarkable journey, "
"""Hello, dear friends ğŸ˜Š
I am thrilled to share with you my very first travel guide to Romania ğŸ‡·ğŸ‡´. This delightful guide is accompanied by stunning photographs ğŸ“¸ and is sure to captivate your attention. Romania is a charming country with endless opportunities for exploration and adventure ğŸ§­. I sincerely hope that this guide will arouse your interest and inspire you to visit this picturesque destination someday ğŸ›©ï¸.
Available on Amazon Kindle, all countries where this service is available. ğŸ‘‡
https://www.amazon.com/author/florin-stanciu
Thank you!â˜ºï¸""",0,
"""I just finished reading this book by Dr. Craig Blomberg called The Historical Reliability of the New Testament: Countering Challenges to Evangelical Christian Beliefs. So far, the book Ahas been the most jam-packed treatment on the historical evidence for the Bible that I've read (I've read a few books on the historical reliability of the Gospels and on the historical evidence for the resurrection of Jesus Christ but never on the historical reliability of all of the New Testament books in general until this one). Although I do not agree with everything the author says (particularly the way he frames his discussions on Catholicism and/or topics related to it), it's great to see someone defending so-called ""conservative""/""traditional"" views on scripture (traditional authorship, early dating of the Gospels' composition, etc.) and show that, just because such views may be in the minority, doesn't mean they're false. Personally, I needed to be exposed to Blomberg's perspective because, to be honest, the views on Scripture that I get from my current education is a bit one-sided in a way that fails to disclose the traditional side of the scholarly divide. I highly recommend this to everyone who wants to be exposed to a defense of the historical reliability of the books of Scripture that is both comprehensive and lay-friendly.""",0,
"""Hi everyone, I just got back from Parisâ€¦ had a wonderful trip. 
I want to recommend 2 places: 
1. A Michelin star restaurant which is very affordable and amazing. Itâ€™s called Restaurant Sadarnac. Itâ€™s a small place. Needâ€™s reservations. And they accommodate most dietary restrictions- but you have to tell them ahead of time.                2. Lâ€™instant Cacao: itâ€™s a tiny chocolate shop not far from Louvre. Has the very best hot chocolate in townâ€¦ move over Angelina (great to buy touristy). They have great chocolates, ethically sourced. And the sweetest hosts. 
Not far from here is a gluten free bakery called copain. I had a pie and it was yummmm. Also when people tell youfeance has the best croissants, and you get disappointed eating them in Paris-head outside of Paris.. try the unknown bakeries. They are divine.""",0,
"""Just got back from France.  This is our third trip to Paris, so we visited our B list of places. Some selected photos. Read the picture captions for more info.""",0,
"""I recently was able to study abroad through my college and had the amazing chance to learn the culture of London and Paris. It was such a great trip with many amazing sights! One I will never forget and I hope to make it back to Europe one day to see more if such rich history and culture so differnt from ours. Here is just a few of the many pictures I got from from my trip!""",0,
"""Step into a world of ancient cedar forests and breathtaking mountain vistas at the Island Lake Lodge (Island Lake Lodge) in Fernie, British Columbia. After a peaceful morning paddle you can enjoy a locally sourced breakfast from their bistroâ€™s sunny outdoor patio. Surround yourself with nature during a hike to stunning viewpoints or relax and unwind with some time at the on-site spa. Which would you choose?
ğŸ“·: mcphoto99â  via Instagram
ğŸ“: Destination British Columbia Fernie BC""",0,
"""The Arangala Forest Lodge is a stunning retreat nestled in the lush green hills of Na-Ula. Surrounded by lush vegetation and breathtaking views, the lodge offers a tranquil and peaceful atmosphere. Guests can enjoy the serenity of the surrounding nature, with its majestic trees, cascading waterfalls, and abundant wildlife. The lodge also features a swimming pool, natural pool, and restaurant, hike making it an ideal destination for a relaxing getaway.
#ArangalaForestLodge #NaUla #SriLanka #PeacefulAtmosphere #LushVegetation #MajesticTrees #CascadingWaterfalls #AbundantWildlife #SwimmingPool #NaturalPool #Restaurant #Hike #RelaxingGetaway""",0,
"""Looking for a peaceful getaway surrounded by nature? Look no further than The Mountain House vacation site!ğŸ˜ Book your stay now and experience the peace that awaits you!
ğŸ˜ğŸ¥°ğŸ¤©""",0,
"Today's gem is the Hokura Shrine, hidden at the top of Mt. Hokura â›©ï¸ Famous with locals for its spring blooms, this shouldn't be missed on your #hiking checklist! 
https://www.the-kansai-guide.com/en/directory/item/20255/
______________________________________________________________________
#kobe #kansai #japan #photography #travel #inspiration #lifeabroad #lifeinjapan #travelideas #travelgoals #bucketlist #spring #flowers #beautiful #nature #shrine #history #hiker #japanesehistory #japaneseculture #cherryblossoms #plumblossoms
#ç¥æˆ¸ #é–¢è¥¿ #ä¿ä¹…è‰¯ç¥ç¤¾ #ç¥ç¤¾ #æ¡œ",0,
"""Are you looking for a place where work and leisure blend seamlessly? Discover the hidden gem of Coonabarabran! ğŸŒ³ 
Housekeeping position available in Coonabarabran, New South Wales. Donâ€™t miss out! For more information or to apply, please go to
https://app.swaggie.co/.../84ad2f34-42f8-4ec2-84a9...
Find work and post jobs for free. Swaggie is a free platform to connect work around availability. Sign up with just your name and contact information today! ğŸ™Œ  """,0,
"""Turkish coffee is popular worldwide for its unique preparation method and strong taste. Discover tips and tricks for brewing the perfect cup at home.""",0,
"""Immerse yourself in the art of coffee during our 5-day specialty coffee workshop. Discover the secrets of brewing, tasting, and perfecting the perfect cup. Elevate your coffee game and indulge in the rich flavors that will awaken your senses. Join us on this transformative journey into the world of specialty coffee.""",0,
"""The advent of cities brought incredible transformations to life. No longer did everyone have to struggle as farmers or hunters, constantly moving to survive. Explore the fascinating changes that occurred with the rise of cities!""",0,
"""Immerse yourself in the enchanting world of romantic melodies for flute and piano.""",0,
"""ğŸµ Experience the Harmonious Bliss of the Hawaii Symphony Orchestra ğŸŒº
Immerse yourself in the enchanting world of classical music as the captivating melodies of the Hawaii Symphony Orchestra sweep you off your feet. ğŸ»âœ¨ """,0,
"""One and only Purbayan Chatterjee ji â¤ï¸ğŸ™ğŸ»â€œImmerse your soul in the enchanting melodies of Sitar Maestro Purbayan Chatterji, as he gracefully weaves the alaap of Raag Shyam Kalyan, transporting you to a world of mesmerizing musical bliss. ğŸ¶âœ¨""",0,
"""ğŸ”¥ Immerse yourself in the captivating melodies of this melodic classical guitar tune. ğŸµâœ¨
ğŸ”¥ Every note, every strum is a result of countless hours and unwavering dedication, all for your enjoyment. ğŸµâœ¨
ğŸ‘‰ Your presence means the world to me. Click the link below and experience the passion poured into ""After the Rain."" ğŸ”¥ğŸ‘ˆ
ğŸ‘‰ Check out the whole Cd album  here ğŸ‘ˆhttps://sakiszachariades.hearnow.com/
ğŸµ Share the magic of this timeless piece with your friends and spread the nostalgia far and wide. Let the music touch their souls. ğŸ’«""",0,
"""ğŸ¶ğŸŒ´âœ¨ Celebrate Classical Music in Miami Beach!
ğŸ»ğŸµ Immerse yourself in the thriving cultural scene of Miami Beach as the Miami Music Festival captivates audiences with timeless melodies and world-class performances. """,0,
"""ğŸ“¸ Life is like a camera, capturing moments worth remembering! ğŸŒŸâœ¨
ğŸ” Focus on what truly matters, and let the rest fade into the background. Remember, it's all about perspective! ğŸ’¡
ğŸï¸ Embrace the good times, those beautiful memories that light up your soul. Cherish them and hold them close. ğŸŒˆğŸ’–
ğŸ–¼ï¸ But hey, life isn't always picture-perfect! Just like developing from negatives, learn from the challenges you face. They shape you into a stronger person! ğŸŒ ğŸ’ª
âŒ If things don't go as planned, don't lose hope! Remember, the camera always gives you another chance. Take a deep breath, reset, and give it another shot! ğŸŒ»ğŸ¯
ğŸŒŸ So go out there, seize the day, and capture the beauty of life! ğŸŒâœ¨
#LifeIsLikeACamera #FocusOnWhatMatters #CaptureTheGoodTimes #DevelopFromNegatives #TakeAnotherShot #SeizeTheDay #EmbraceLife #KeepSmiling #StudsRin""",0,
"""Lights, camera, action! ğŸ“¸
Donâ€™t miss our Mass Communication Workshop and engaging activities during Open Day. Learn from our renowned lecturers as they demonstrate the art of capturing captivating moments on video. 
Visit us now! ğŸ¤—
#INTIOpenDay #YourFutureBuiltToday""",0,
"""I love this part of my job! Capturing this beautiful scenery with a camera and reliving these moments in my art.""",0,
"""Make this Valentine's Day a time to cherish with a relaxing Spa day and quality time spent with your better half. Enjoy couple Spa treatments designed to rejuvenate and refresh, dine under the stars surrounded by the antiquity beauty of the resort. Book your stay now and witness the unparalleled romantic experience at Six Senses Fort Barwara.
Image courtesy @doormansphotos ğŸ’œ
To book an appointment, call +917462257777 or drop a mail at receptionfortbarwara-spa@sixsenses.com""",0,
"""Unleash your creativity with clay! Join us for a 2-hour pottery workshop at Chroma By BPC and dive into the world of pottery-making. Discover the art of shaping clay into beautiful masterpieces and let your imagination run wild. Don't miss this hands-on experience that will leave you with unique creations and memories to cherish. Sign up now and let the magic of pottery unfold!
#ChromabyBPC""",0,
"""Shape your thoughts ğŸ’­ A therapeutic pottery Workshop ğŸ©µ Explore your creativity and unleash your inner child. Open your hearts and enjoy this afternoon of a super fun fundraiser event.  """,0,
"""ğŸ‰ Unleash your creativity at our Clay Taster â€“ Handbuilding Workshop! ğŸºâœ¨""",0,
"""ğŸŒŸ Join us for our much-awaited Pottery Workshop at Deepakriti! ğŸŒŸ Are you ready to unleash your creativity and immerse yourself in the art of pottery? Don't miss this incredible opportunity to learn the beautiful craft of shaping clay with your own hands.""",0,
"""Celebrating the Exquisite Flavors of Ethiopian Cuisine! ğŸŒ¶ï¸
Happy Friday, foodies! Today, we embark on a culinary adventure to the vibrant land of Ethiopia, where every bite is a symphony of flavors and spices. Join us as we savor Ethiopian cuisine's rich heritage and mouthwatering delights! ğŸŒğŸ½ï¸""",0,
"""Indulge in a delightful breakfast at Artemide, featuring Pasquale's homemade cakes. Start your day with a sweet treat that will tantalize your taste buds and make every morning a truly delicious experience.
#hotelartemide #artemide #breakfast""",0,
"""Indulge in a delightful breakfast at Artemide, featuring Pasquale's homemade cakes. Start your day with a sweet treat that will tantalize your taste buds and make every morning a truly delicious experience.
#hotelartemide #artemide #breakfast""",0,
"""Discover thought-provoking TED Talks handpicked for students at Thakur School of Global Education! Dive into captivating topics like procrastination, stress management, original thinking, and embracing stress as a friend. 
Expand your horizons and unlock your potential with these inspiring talks. ğŸ¥âœ¨ 
#TEDTalks #TSGE #StudentInspiration #ExpandYourMind""",0,
"""ğŸŒŸ Discover the hidden gems of [Destination]. This comprehensive travel guide provides you with insider tips, breathtaking photos, and recommendations for the best local experiences. Get ready to embark on an unforgettable journey!""",0,
"""ğŸ“š Calling all book lovers! Dive into our curated list of must-read novels that will transport you to different worlds. From gripping thrillers to heartwarming tales, these books are perfect companions for your next reading adventure. Which one will you pick up first?""",0,
"""ğŸ½ï¸ Indulge in culinary delights with our collection of mouthwatering recipes. From quick weeknight dinners to decadent desserts, we have you covered. Get ready to impress your taste buds and explore the wonderful world of flavors!""",0,
"""ğŸŒ¿ Connect with nature and find your inner peace. Join our guided meditation sessions in serene surroundings, where you can unwind, relax, and recharge. Escape the chaos of daily life and experience tranquility like never before.""",0,
"""ğŸ¨ Calling all art enthusiasts! Explore the vibrant world of contemporary art through our virtual gallery tour. Get inspired by talented artists and their captivating creations. Join us in celebrating the beauty and diversity of artistic expression.""",0,
"""ğŸš´â€â™€ï¸ Gear up for an adrenaline-pumping adventure! Our cycling club organizes thrilling biking expeditions through picturesque landscapes. Join our community of cycling enthusiasts and explore new horizons while enjoying the thrill of the ride!""",0,
"""ğŸ’ª Boost your fitness journey with our personalized workout plans. Our team of expert trainers will guide you through effective exercises and provide valuable tips for achieving your fitness goals. Get ready to transform your body and unleash your full potential!""",0,
"""ğŸ“ Unlock your learning potential with our online courses. From coding to photography, we offer a wide range of educational programs taught by industry professionals. Expand your knowledge and acquire new skills at your own pace.""",0,
"""ğŸŒŸ Discover the latest fashion trends and elevate your style game. Our fashion blog features insightful articles, style tips, and curated outfits to help you express your unique personality through fashion. Get ready to make a statement!""",0,
"""ğŸŒ Dive into the world of sustainable living and make a positive impact. Our eco-conscious community shares tips, resources, and success stories on reducing waste, conserving energy, and living in harmony with the environment. Join us in creating a greener future!""",0,
"ğŸŒŸ Discover the hidden gems of [Destination]. This comprehensive travel guide provides you with insider tips, breathtaking photos, and recommendations for the best local experiences. Get ready to embark on an unforgettable journey!",0,
"ğŸŒ Step into the enchanting world of [Destination]. From its rich history to stunning landscapes, this destination has it all. Immerse yourself in the vibrant culture, savor the local cuisine, and create memories that will last a lifetime.",0,
"ğŸ“¸ Get ready to be mesmerized by the captivating beauty of [Destination]. Explore picturesque landscapes, wander through charming streets, and capture unforgettable moments that will fill your photo album with stunning memories.",0,
"ğŸŒº Indulge your senses in the natural wonders of [Destination]. From pristine beaches to lush rainforests, this paradise offers a sanctuary for relaxation and adventure. Unwind, rejuvenate, and let the beauty of nature envelop you.",0,
"ğŸ° Dive into the history and heritage of [Destination]. Explore ancient landmarks, visit magnificent castles, and walk in the footsteps of legends. Let the stories of the past transport you to a bygone era.",0,
"ğŸ½ï¸ Experience a culinary journey like no other in [Destination]. From street food stalls to Michelin-starred restaurants, satisfy your taste buds with a diverse array of flavors. Discover the local delicacies and indulge in gastronomic delights.",0,
"ğŸ­ Immerse yourself in the vibrant arts and culture scene of [Destination]. From world-class museums to lively festivals, this city is a hub of creativity and expression. Let the local artists and performers inspire you with their talent.",0,
"ğŸï¸ Escape to the tranquility of [Destination]'s natural wonders. Hike through breathtaking trails, breathe in the fresh mountain air, and witness the awe-inspiring beauty of cascading waterfalls and panoramic vistas.",0,
"ğŸ›ï¸ Shop 'til you drop in the bustling markets and boutique shops of [Destination]. Discover unique handicrafts, fashionable clothing, and one-of-a-kind souvenirs. Support local artisans and bring back treasures that reflect the essence of the place.",0,
"ğŸŒº Unwind and recharge in the serene landscapes of [Destination]. From luxurious resorts to cozy retreats, find your perfect oasis of relaxation. Immerse yourself in soothing spa treatments, practice yoga overlooking stunning vistas, and let your worries melt away.",0,
